{"cameraMode":{"drawMode":0,"name":"Shaded","section":"Shading Mode"},"sceneLighting":false,"audioPlay":false,"sceneViewState":{"showFog":true,"showMaterialUpdate":false,"showSkybox":false,"showFlares":true,"showImageEffects":true,"showParticleSystems":true},"in2DMode":false,"pivot":{"x":4.888907432556152,"y":0.9309759140014648,"z":3.1747312545776369},"rotation":{"x":-0.15666469931602479,"y":-0.7106262445449829,"z":0.16737593710422517,"w":-0.6652034521102905},"size":1.2247449159622193,"orthographic":false}