{"cameraMode":{"drawMode":0,"name":"Shaded","section":"Shading Mode"},"sceneLighting":false,"audioPlay":false,"sceneViewState":{"showFog":true,"showMaterialUpdate":false,"showSkybox":false,"showFlares":true,"showImageEffects":true,"showParticleSystems":true},"in2DMode":false,"pivot":{"x":0.032942503690719607,"y":2.5299363136291506,"z":-0.012397438287734986},"rotation":{"x":-0.005572312045842409,"y":0.2028973400592804,"z":0.0011564150918275118,"w":0.9792137742042542},"size":1.1096312999725342,"orthographic":false}