{"cameraMode":{"drawMode":0,"name":"Shaded","section":"Shading Mode"},"sceneLighting":false,"audioPlay":false,"sceneViewState":{"showFog":true,"showMaterialUpdate":false,"showSkybox":false,"showFlares":true,"showImageEffects":true,"showParticleSystems":true},"in2DMode":false,"pivot":{"x":316.6136169433594,"y":33.466461181640628,"z":102.31388854980469},"rotation":{"x":0.17341750860214234,"y":0.012121828272938729,"z":-0.00214869761839509,"w":0.98479163646698},"size":189.96282958984376,"orthographic":false}