{"cameraMode":{"drawMode":0,"name":"Shaded","section":"Shading Mode"},"sceneLighting":false,"audioPlay":false,"sceneViewState":{"showFog":true,"showMaterialUpdate":false,"showSkybox":true,"showFlares":true,"showImageEffects":true,"showParticleSystems":true},"in2DMode":false,"pivot":{"x":11.395920753479004,"y":0.23180389404296876,"z":10.101489067077637},"rotation":{"x":0.36865246295928957,"y":0.09900635480880737,"z":-0.0395563580095768,"w":0.9235084652900696},"size":13.472587585449219,"orthographic":false}